"studyName","Sample Number","Species","Region","Island","Stage","Individual ID","Clutch Completion","Date Egg","Culmen Length (mm)","Culmen Depth (mm)","Flipper Length (mm)","Body Mass (g)","Sex","Delta 15 N (o/oo)","Delta 13 C (o/oo)","Comments"
"PAL0708","1","Adelie Penguin (Pygoscelis adeliae)","Anvers","Torgersen","Adult, 1 Egg Stage","N1A1","Yes","2007-11-11","39.1","18.7","181","3750","MALE","NA","NA","Not enough blood for isotopes."
"PAL0708","2","Adelie Penguin (Pygoscelis adeliae)","Anvers","Torgersen","Adult, 1 Egg Stage","N1A2","Yes","2007-11-11","39.5","17.4","186","3800","FEMALE","894956","-2469454","NA"
"PAL0708","3","Adelie Penguin (Pygoscelis adeliae)","Anvers","Torgersen","Adult, 1 Egg Stage","N2A1","Yes","2007-11-16","40.3","18","195","3250","FEMALE","836821","-2533302","NA"
"PAL0708","4","Adelie Penguin (Pygoscelis adeliae)","Anvers","Torgersen","Adult, 1 Egg Stage","N2A2","Yes","2007-11-16","NA","NA","NA","NA","NA","NA","NA","Adult not sampled."
"PAL0708","5","Adelie Penguin (Pygoscelis adeliae)","Anvers","Torgersen","Adult, 1 Egg Stage","N3A1","Yes","2007-11-16","36.7","19.3","193","3450","FEMALE","876651","-2532426","NA"
"PAL0708","6","Adelie Penguin (Pygoscelis adeliae)","Anvers","Torgersen","Adult, 1 Egg Stage","N3A2","Yes","2007-11-16","39.3","20.6","190","3650","MALE","866496","-2529805","NA"
"PAL0708","7","Adelie Penguin (Pygoscelis adeliae)","Anvers","Torgersen","Adult, 1 Egg Stage","N4A1","No","2007-11-15","38.9","17.8","181","3625","FEMALE","918718","-2521799","Nest never observed with full clutch."
"PAL0708","8","Adelie Penguin (Pygoscelis adeliae)","Anvers","Torgersen","Adult, 1 Egg Stage","N4A2","No","2007-11-15","39.2","19.6","195","4675","MALE","94606","-2489958","Nest never observed with full clutch."
"PAL0708","9","Adelie Penguin (Pygoscelis adeliae)","Anvers","Torgersen","Adult, 1 Egg Stage","N5A1","Yes","2007-11-09","34.1","18.1","193","3475","NA","NA","NA","No blood sample obtained."
"PAL0708","10","Adelie Penguin (Pygoscelis adeliae)","Anvers","Torgersen","Adult, 1 Egg Stage","N5A2","Yes","2007-11-09","42","20.2","190","4250","NA","913362","-2509368","No blood sample obtained for sexing."
"PAL0708","11","Adelie Penguin (Pygoscelis adeliae)","Anvers","Torgersen","Adult, 1 Egg Stage","N6A1","Yes","2007-11-09","37.8","17.1","186","3300","NA","863243","-2521315","No blood sample obtained for sexing."
"PAL0708","12","Adelie Penguin (Pygoscelis adeliae)","Anvers","Torgersen","Adult, 1 Egg Stage","N6A2","Yes","2007-11-09","37.8","17.3","180","3700","NA","NA","NA","No blood sample obtained."
"PAL0708","13","Adelie Penguin (Pygoscelis adeliae)","Anvers","Torgersen","Adult, 1 Egg Stage","N7A1","Yes","2007-11-15","41.1","17.6","182","3200","FEMALE","NA","NA","Not enough blood for isotopes."
"PAL0708","14","Adelie Penguin (Pygoscelis adeliae)","Anvers","Torgersen","Adult, 1 Egg Stage","N7A2","Yes","2007-11-15","38.6","21.2","191","3800","MALE","NA","NA","Not enough blood for isotopes."
"PAL0708","15","Adelie Penguin (Pygoscelis adeliae)","Anvers","Torgersen","Adult, 1 Egg Stage","N8A1","Yes","2007-11-16","34.6","21.1","198","4400","MALE","855583","-2522588","NA"
"PAL0708","16","Adelie Penguin (Pygoscelis adeliae)","Anvers","Torgersen","Adult, 1 Egg Stage","N8A2","Yes","2007-11-16","36.6","17.8","185","3700","FEMALE","NA","NA","Not enough blood for isotopes."
"PAL0708","17","Adelie Penguin (Pygoscelis adeliae)","Anvers","Torgersen","Adult, 1 Egg Stage","N9A1","Yes","2007-11-12","38.7","19","195","3450","FEMALE","918528","-2506691","NA"
"PAL0708","18","Adelie Penguin (Pygoscelis adeliae)","Anvers","Torgersen","Adult, 1 Egg Stage","N9A2","Yes","2007-11-12","42.5","20.7","197","4500","MALE","867538","-2513993","NA"
"PAL0708","19","Adelie Penguin (Pygoscelis adeliae)","Anvers","Torgersen","Adult, 1 Egg Stage","N10A1","Yes","2007-11-16","34.4","18.4","184","3325","FEMALE","847827","-2523319","NA"
"PAL0708","20","Adelie Penguin (Pygoscelis adeliae)","Anvers","Torgersen","Adult, 1 Egg Stage","N10A2","Yes","2007-11-16","46","21.5","194","4200","MALE","911616","-2477227","NA"
"PAL0708","21","Adelie Penguin (Pygoscelis adeliae)","Anvers","Biscoe","Adult, 1 Egg Stage","N11A1","Yes","2007-11-12","37.8","18.3","174","3400","FEMALE","873762","-2509383","NA"
"PAL0708","22","Adelie Penguin (Pygoscelis adeliae)","Anvers","Biscoe","Adult, 1 Egg Stage","N11A2","Yes","2007-11-12","37.7","18.7","180","3600","MALE","866271","-250639","NA"
"PAL0708","23","Adelie Penguin (Pygoscelis adeliae)","Anvers","Biscoe","Adult, 1 Egg Stage","N12A1","Yes","2007-11-12","35.9","19.2","189","3800","FEMALE","922286","-2503474","NA"
"PAL0708","24","Adelie Penguin (Pygoscelis adeliae)","Anvers","Biscoe","Adult, 1 Egg Stage","N12A2","Yes","2007-11-12","38.2","18.1","185","3950","MALE","843423","-2522664","NA"
"PAL0708","25","Adelie Penguin (Pygoscelis adeliae)","Anvers","Biscoe","Adult, 1 Egg Stage","N13A1","Yes","2007-11-10","38.8","17.2","180","3800","MALE","963954","-2529856","NA"
"PAL0708","26","Adelie Penguin (Pygoscelis adeliae)","Anvers","Biscoe","Adult, 1 Egg Stage","N13A2","Yes","2007-11-10","35.3","18.9","187","3800","FEMALE","921292","-243613","NA"
"PAL0708","27","Adelie Penguin (Pygoscelis adeliae)","Anvers","Biscoe","Adult, 1 Egg Stage","N17A1","Yes","2007-11-12","40.6","18.6","183","3550","MALE","893997","-2536288","NA"
"PAL0708","28","Adelie Penguin (Pygoscelis adeliae)","Anvers","Biscoe","Adult, 1 Egg Stage","N17A2","Yes","2007-11-12","40.5","17.9","187","3200","FEMALE","808138","-2549448","NA"
"PAL0708","29","Adelie Penguin (Pygoscelis adeliae)","Anvers","Biscoe","Adult, 1 Egg Stage","N18A1","No","2007-11-10","37.9","18.6","172","3150","FEMALE","838404","-2519837","Nest never observed with full clutch."
"PAL0708","30","Adelie Penguin (Pygoscelis adeliae)","Anvers","Biscoe","Adult, 1 Egg Stage","N18A2","No","2007-11-10","40.5","18.9","180","3950","MALE","890027","-2511609","Nest never observed with full clutch."
"PAL0708","31","Adelie Penguin (Pygoscelis adeliae)","Anvers","Dream","Adult, 1 Egg Stage","N21A1","Yes","2007-11-09","39.5","16.7","178","3250","FEMALE","969756","-2511223","NA"
"PAL0708","32","Adelie Penguin (Pygoscelis adeliae)","Anvers","Dream","Adult, 1 Egg Stage","N21A2","Yes","2007-11-09","37.2","18.1","178","3900","MALE","972764","-250102","NA"
"PAL0708","33","Adelie Penguin (Pygoscelis adeliae)","Anvers","Dream","Adult, 1 Egg Stage","N22A1","Yes","2007-11-09","39.5","17.8","188","3300","FEMALE","966523","-250602","NA"
"PAL0708","34","Adelie Penguin (Pygoscelis adeliae)","Anvers","Dream","Adult, 1 Egg Stage","N22A2","Yes","2007-11-09","40.9","18.9","184","3900","MALE","879665","-2514591","NA"
"PAL0708","35","Adelie Penguin (Pygoscelis adeliae)","Anvers","Dream","Adult, 1 Egg Stage","N23A1","Yes","2007-11-16","36.4","17","195","3325","FEMALE","917847","-2523061","NA"
"PAL0708","36","Adelie Penguin (Pygoscelis adeliae)","Anvers","Dream","Adult, 1 Egg Stage","N23A2","Yes","2007-11-16","39.2","21.1","196","4150","MALE","915308","-2503469","NA"
"PAL0708","37","Adelie Penguin (Pygoscelis adeliae)","Anvers","Dream","Adult, 1 Egg Stage","N24A1","Yes","2007-11-16","38.8","20","190","3950","MALE","918985","-2512255","NA"
"PAL0708","38","Adelie Penguin (Pygoscelis adeliae)","Anvers","Dream","Adult, 1 Egg Stage","N24A2","Yes","2007-11-16","42.2","18.5","180","3550","FEMALE","804787","-2549523","NA"
"PAL0708","39","Adelie Penguin (Pygoscelis adeliae)","Anvers","Dream","Adult, 1 Egg Stage","N25A1","No","2007-11-13","37.6","19.3","181","3300","FEMALE","941131","-2504169","Nest never observed with full clutch."
"PAL0708","40","Adelie Penguin (Pygoscelis adeliae)","Anvers","Dream","Adult, 1 Egg Stage","N25A2","No","2007-11-13","39.8","19.1","184","4650","MALE","NA","NA","Nest never observed with full clutch. Not enough blood for isotopes."
"PAL0708","41","Adelie Penguin (Pygoscelis adeliae)","Anvers","Dream","Adult, 1 Egg Stage","N26A1","Yes","2007-11-16","36.5","18","182","3150","FEMALE","968933","-244228","NA"
"PAL0708","42","Adelie Penguin (Pygoscelis adeliae)","Anvers","Dream","Adult, 1 Egg Stage","N26A2","Yes","2007-11-16","40.8","18.4","195","3900","MALE","NA","NA","Not enough blood for isotopes."
"PAL0708","43","Adelie Penguin (Pygoscelis adeliae)","Anvers","Dream","Adult, 1 Egg Stage","N27A1","Yes","2007-11-19","36","18.5","186","3100","FEMALE","950772","-2503492","NA"
"PAL0708","44","Adelie Penguin (Pygoscelis adeliae)","Anvers","Dream","Adult, 1 Egg Stage","N27A2","Yes","2007-11-19","44.1","19.7","196","4400","MALE","92372","-2452698","NA"
"PAL0708","45","Adelie Penguin (Pygoscelis adeliae)","Anvers","Dream","Adult, 1 Egg Stage","N28A1","Yes","2007-11-16","37","16.9","185","3000","FEMALE","936392","-2501745","NA"
"PAL0708","46","Adelie Penguin (Pygoscelis adeliae)","Anvers","Dream","Adult, 1 Egg Stage","N28A2","Yes","2007-11-16","39.6","18.8","190","4600","MALE","949106","-2410255","NA"
"PAL0708","47","Adelie Penguin (Pygoscelis adeliae)","Anvers","Dream","Adult, 1 Egg Stage","N29A1","Yes","2007-11-13","41.1","19","182","3425","MALE","NA","NA","Not enough blood for isotopes."
"PAL0708","48","Adelie Penguin (Pygoscelis adeliae)","Anvers","Dream","Adult, 1 Egg Stage","N29A2","Yes","2007-11-13","37.5","18.9","179","2975","NA","NA","NA","Sexing primers did not amplify. Not enough blood for isotopes."
"PAL0708","49","Adelie Penguin (Pygoscelis adeliae)","Anvers","Dream","Adult, 1 Egg Stage","N30A1","Yes","2007-11-13","36","17.9","190","3450","FEMALE","951784","-2507683","NA"
"PAL0708","50","Adelie Penguin (Pygoscelis adeliae)","Anvers","Dream","Adult, 1 Egg Stage","N30A2","Yes","2007-11-13","42.3","21.2","191","4150","MALE","887988","-2518543","NA"
"PAL0809","51","Adelie Penguin (Pygoscelis adeliae)","Anvers","Biscoe","Adult, 1 Egg Stage","N21A1","Yes","2008-11-06","39.6","17.7","186","3500","FEMALE","846616","-2612989","NA"
"PAL0809","52","Adelie Penguin (Pygoscelis adeliae)","Anvers","Biscoe","Adult, 1 Egg Stage","N21A2","Yes","2008-11-06","40.1","18.9","188","4300","MALE","851362","-2655602","NA"
"PAL0809","53","Adelie Penguin (Pygoscelis adeliae)","Anvers","Biscoe","Adult, 1 Egg Stage","N22A1","Yes","2008-11-09","35","17.9","190","3450","FEMALE","819539","-2617213","NA"
"PAL0809","54","Adelie Penguin (Pygoscelis adeliae)","Anvers","Biscoe","Adult, 1 Egg Stage","N22A2","Yes","2008-11-09","42","19.5","200","4050","MALE","848095","-263146","NA"
"PAL0809","55","Adelie Penguin (Pygoscelis adeliae)","Anvers","Biscoe","Adult, 1 Egg Stage","N23A1","Yes","2008-11-09","34.5","18.1","187","2900","FEMALE","841837","-2654718","NA"
"PAL0809","56","Adelie Penguin (Pygoscelis adeliae)","Anvers","Biscoe","Adult, 1 Egg Stage","N23A2","Yes","2008-11-09","41.4","18.6","191","3700","MALE","835396","-2627853","NA"
"PAL0809","57","Adelie Penguin (Pygoscelis adeliae)","Anvers","Biscoe","Adult, 1 Egg Stage","N24A1","Yes","2008-11-15","39","17.5","186","3550","FEMALE","857199","-2607188","NA"
"PAL0809","58","Adelie Penguin (Pygoscelis adeliae)","Anvers","Biscoe","Adult, 1 Egg Stage","N24A2","Yes","2008-11-15","40.6","18.8","193","3800","MALE","856674","-2598843","NA"
"PAL0809","59","Adelie Penguin (Pygoscelis adeliae)","Anvers","Biscoe","Adult, 1 Egg Stage","N25A1","Yes","2008-11-15","36.5","16.6","181","2850","FEMALE","907878","-2588156","NA"
"PAL0809","60","Adelie Penguin (Pygoscelis adeliae)","Anvers","Biscoe","Adult, 1 Egg Stage","N25A2","Yes","2008-11-15","37.6","19.1","194","3750","MALE","9108","-2589677","NA"
"PAL0809","61","Adelie Penguin (Pygoscelis adeliae)","Anvers","Biscoe","Adult, 1 Egg Stage","N27A1","Yes","2008-11-13","35.7","16.9","185","3150","FEMALE","896472","-2640943","NA"
"PAL0809","62","Adelie Penguin (Pygoscelis adeliae)","Anvers","Biscoe","Adult, 1 Egg Stage","N27A2","Yes","2008-11-13","41.3","21.1","195","4400","MALE","874802","-2637809","NA"
"PAL0809","63","Adelie Penguin (Pygoscelis adeliae)","Anvers","Biscoe","Adult, 1 Egg Stage","N28A1","Yes","2008-11-13","37.6","17","185","3600","FEMALE","858063","-2621569","NA"
"PAL0809","64","Adelie Penguin (Pygoscelis adeliae)","Anvers","Biscoe","Adult, 1 Egg Stage","N28A2","Yes","2008-11-13","41.1","18.2","192","4050","MALE","862264","-2660023","NA"
"PAL0809","65","Adelie Penguin (Pygoscelis adeliae)","Anvers","Biscoe","Adult, 1 Egg Stage","N29A1","Yes","2008-11-13","36.4","17.1","184","2850","FEMALE","862623","-261165","NA"
"PAL0809","66","Adelie Penguin (Pygoscelis adeliae)","Anvers","Biscoe","Adult, 1 Egg Stage","N29A2","Yes","2008-11-13","41.6","18","192","3950","MALE","885562","-2609294","NA"
"PAL0809","67","Adelie Penguin (Pygoscelis adeliae)","Anvers","Biscoe","Adult, 1 Egg Stage","N30A1","Yes","2008-11-06","35.5","16.2","195","3350","FEMALE","856192","-2595541","NA"
"PAL0809","68","Adelie Penguin (Pygoscelis adeliae)","Anvers","Biscoe","Adult, 1 Egg Stage","N30A2","Yes","2008-11-06","41.1","19.1","188","4100","MALE","871078","-2581012","NA"
"PAL0809","69","Adelie Penguin (Pygoscelis adeliae)","Anvers","Torgersen","Adult, 1 Egg Stage","N32A1","No","2008-11-11","35.9","16.6","190","3050","FEMALE","847781","-2607821","Nest never observed with full clutch."
"PAL0809","70","Adelie Penguin (Pygoscelis adeliae)","Anvers","Torgersen","Adult, 1 Egg Stage","N32A2","No","2008-11-11","41.8","19.4","198","4450","MALE","886853","-2606209","Nest never observed with full clutch."
"PAL0809","71","Adelie Penguin (Pygoscelis adeliae)","Anvers","Torgersen","Adult, 1 Egg Stage","N34A1","Yes","2008-11-14","33.5","19","190","3600","FEMALE","788863","-2663085","NA"
"PAL0809","72","Adelie Penguin (Pygoscelis adeliae)","Anvers","Torgersen","Adult, 1 Egg Stage","N34A2","Yes","2008-11-14","39.7","18.4","190","3900","MALE","929808","-2523453","NA"
"PAL0809","73","Adelie Penguin (Pygoscelis adeliae)","Anvers","Torgersen","Adult, 1 Egg Stage","N35A1","Yes","2008-11-11","39.6","17.2","196","3550","FEMALE","833524","-2655351","NA"
"PAL0809","74","Adelie Penguin (Pygoscelis adeliae)","Anvers","Torgersen","Adult, 1 Egg Stage","N35A2","Yes","2008-11-11","45.8","18.9","197","4150","MALE","818658","-2645978","NA"
"PAL0809","75","Adelie Penguin (Pygoscelis adeliae)","Anvers","Torgersen","Adult, 1 Egg Stage","N36A1","Yes","2008-11-08","35.5","17.5","190","3700","FEMALE","870642","-2615003","NA"
"PAL0809","76","Adelie Penguin (Pygoscelis adeliae)","Anvers","Torgersen","Adult, 1 Egg Stage","N36A2","Yes","2008-11-08","42.8","18.5","195","4250","MALE","82993","-2638986","NA"
"PAL0809","77","Adelie Penguin (Pygoscelis adeliae)","Anvers","Torgersen","Adult, 1 Egg Stage","N37A1","Yes","2008-11-06","40.9","16.8","191","3700","FEMALE","847257","-2602002","NA"
"PAL0809","78","Adelie Penguin (Pygoscelis adeliae)","Anvers","Torgersen","Adult, 1 Egg Stage","N37A2","Yes","2008-11-06","37.2","19.4","184","3900","MALE","83554","-2644787","NA"
"PAL0809","79","Adelie Penguin (Pygoscelis adeliae)","Anvers","Torgersen","Adult, 1 Egg Stage","N38A1","Yes","2008-11-09","36.2","16.1","187","3550","FEMALE","782381","-2651382","NA"
"PAL0809","80","Adelie Penguin (Pygoscelis adeliae)","Anvers","Torgersen","Adult, 1 Egg Stage","N38A2","Yes","2008-11-09","42.1","19.1","195","4000","MALE","905736","-2581513","NA"
"PAL0809","81","Adelie Penguin (Pygoscelis adeliae)","Anvers","Torgersen","Adult, 1 Egg Stage","N39A1","Yes","2008-11-02","34.6","17.2","189","3200","FEMALE","769778","-265387","NA"
"PAL0809","82","Adelie Penguin (Pygoscelis adeliae)","Anvers","Torgersen","Adult, 1 Egg Stage","N39A2","Yes","2008-11-02","42.9","17.6","196","4700","MALE","863259","-2623027","NA"
"PAL0809","83","Adelie Penguin (Pygoscelis adeliae)","Anvers","Torgersen","Adult, 1 Egg Stage","N40A1","Yes","2008-11-07","36.7","18.8","187","3800","FEMALE","788494","-2624837","NA"
"PAL0809","84","Adelie Penguin (Pygoscelis adeliae)","Anvers","Torgersen","Adult, 1 Egg Stage","N40A2","Yes","2008-11-07","35.1","19.4","193","4200","MALE","890002","-2646254","NA"
"PAL0809","85","Adelie Penguin (Pygoscelis adeliae)","Anvers","Dream","Adult, 1 Egg Stage","N41A1","Yes","2008-11-17","37.3","17.8","191","3350","FEMALE","832718","-2638396","NA"
"PAL0809","86","Adelie Penguin (Pygoscelis adeliae)","Anvers","Dream","Adult, 1 Egg Stage","N41A2","Yes","2008-11-17","41.3","20.3","194","3550","MALE","914863","-2609635","NA"
"PAL0809","87","Adelie Penguin (Pygoscelis adeliae)","Anvers","Dream","Adult, 1 Egg Stage","N42A1","Yes","2008-11-08","36.3","19.5","190","3800","MALE","857087","-2622227","NA"
"PAL0809","88","Adelie Penguin (Pygoscelis adeliae)","Anvers","Dream","Adult, 1 Egg Stage","N42A2","Yes","2008-11-08","36.9","18.6","189","3500","FEMALE","859147","-2608165","NA"
"PAL0809","89","Adelie Penguin (Pygoscelis adeliae)","Anvers","Dream","Adult, 1 Egg Stage","N44A1","Yes","2008-11-08","38.3","19.2","189","3950","MALE","907826","-2612417","NA"
"PAL0809","90","Adelie Penguin (Pygoscelis adeliae)","Anvers","Dream","Adult, 1 Egg Stage","N44A2","Yes","2008-11-08","38.9","18.8","190","3600","FEMALE","836936","-2611199","NA"
"PAL0809","91","Adelie Penguin (Pygoscelis adeliae)","Anvers","Dream","Adult, 1 Egg Stage","N45A1","Yes","2008-11-14","35.7","18","202","3550","FEMALE","846531","-2605621","NA"
"PAL0809","92","Adelie Penguin (Pygoscelis adeliae)","Anvers","Dream","Adult, 1 Egg Stage","N45A2","Yes","2008-11-14","41.1","18.1","205","4300","MALE","877018","-2583352","NA"
"PAL0809","93","Adelie Penguin (Pygoscelis adeliae)","Anvers","Dream","Adult, 1 Egg Stage","N46A1","Yes","2008-11-05","34","17.1","185","3400","FEMALE","801485","-2669543","NA"
"PAL0809","94","Adelie Penguin (Pygoscelis adeliae)","Anvers","Dream","Adult, 1 Egg Stage","N46A2","Yes","2008-11-05","39.6","18.1","186","4450","MALE","849915","-2642406","NA"
"PAL0809","95","Adelie Penguin (Pygoscelis adeliae)","Anvers","Dream","Adult, 1 Egg Stage","N48A1","Yes","2008-11-17","36.2","17.3","187","3300","FEMALE","890723","-2630037","NA"
"PAL0809","96","Adelie Penguin (Pygoscelis adeliae)","Anvers","Dream","Adult, 1 Egg Stage","N48A2","Yes","2008-11-17","40.8","18.9","208","4300","MALE","848204","-2657941","NA"
"PAL0809","97","Adelie Penguin (Pygoscelis adeliae)","Anvers","Dream","Adult, 1 Egg Stage","N49A1","Yes","2008-11-08","38.1","18.6","190","3700","FEMALE","810277","-2650086","NA"
"PAL0809","98","Adelie Penguin (Pygoscelis adeliae)","Anvers","Dream","Adult, 1 Egg Stage","N49A2","Yes","2008-11-08","40.3","18.5","196","4350","MALE","839459","-2601152","NA"
"PAL0809","99","Adelie Penguin (Pygoscelis adeliae)","Anvers","Dream","Adult, 1 Egg Stage","N50A1","Yes","2008-11-10","33.1","16.1","178","2900","FEMALE","904218","-2615775","NA"
"PAL0809","100","Adelie Penguin (Pygoscelis adeliae)","Anvers","Dream","Adult, 1 Egg Stage","N50A2","Yes","2008-11-10","43.2","18.5","192","4100","MALE","897025","-2603679","NA"
"PAL0910","101","Adelie Penguin (Pygoscelis adeliae)","Anvers","Biscoe","Adult, 1 Egg Stage","N47A1","Yes","2009-11-09","35","17.9","192","3725","FEMALE","884451","-2628055","NA"
"PAL0910","102","Adelie Penguin (Pygoscelis adeliae)","Anvers","Biscoe","Adult, 1 Egg Stage","N47A2","Yes","2009-11-09","41","20","203","4725","MALE","901079","-2638085","NA"
"PAL0910","103","Adelie Penguin (Pygoscelis adeliae)","Anvers","Biscoe","Adult, 1 Egg Stage","N49A1","Yes","2009-11-15","37.7","16","183","3075","FEMALE","92151","-262253","NA"
"PAL0910","104","Adelie Penguin (Pygoscelis adeliae)","Anvers","Biscoe","Adult, 1 Egg Stage","N49A2","Yes","2009-11-15","37.8","20","190","4250","MALE","951929","-2569199","NA"
"PAL0910","105","Adelie Penguin (Pygoscelis adeliae)","Anvers","Biscoe","Adult, 1 Egg Stage","N51A1","Yes","2009-11-15","37.9","18.6","193","2925","FEMALE","902642","-2586482","NA"
"PAL0910","106","Adelie Penguin (Pygoscelis adeliae)","Anvers","Biscoe","Adult, 1 Egg Stage","N51A2","Yes","2009-11-15","39.7","18.9","184","3550","MALE","885699","-2580208","NA"
"PAL0910","107","Adelie Penguin (Pygoscelis adeliae)","Anvers","Biscoe","Adult, 1 Egg Stage","N53A1","Yes","2009-11-15","38.6","17.2","199","3750","FEMALE","877322","-2648973","NA"
"PAL0910","108","Adelie Penguin (Pygoscelis adeliae)","Anvers","Biscoe","Adult, 1 Egg Stage","N53A2","Yes","2009-11-15","38.2","20","190","3900","MALE","959245","-2570711","NA"
"PAL0910","109","Adelie Penguin (Pygoscelis adeliae)","Anvers","Biscoe","Adult, 1 Egg Stage","N55A1","Yes","2009-11-20","38.1","17","181","3175","FEMALE","979532","-2527385","NA"
"PAL0910","110","Adelie Penguin (Pygoscelis adeliae)","Anvers","Biscoe","Adult, 1 Egg Stage","N55A2","Yes","2009-11-20","43.2","19","197","4775","MALE","931735","-2545171","NA"
"PAL0910","111","Adelie Penguin (Pygoscelis adeliae)","Anvers","Biscoe","Adult, 1 Egg Stage","N58A1","Yes","2009-11-12","38.1","16.5","198","3825","FEMALE","843951","-2657563","NA"
"PAL0910","112","Adelie Penguin (Pygoscelis adeliae)","Anvers","Biscoe","Adult, 1 Egg Stage","N58A2","Yes","2009-11-12","45.6","20.3","191","4600","MALE","865466","-2632909","NA"
"PAL0910","113","Adelie Penguin (Pygoscelis adeliae)","Anvers","Biscoe","Adult, 1 Egg Stage","N60A1","Yes","2009-11-15","39.7","17.7","193","3200","FEMALE","902657","-2606203","NA"
"PAL0910","114","Adelie Penguin (Pygoscelis adeliae)","Anvers","Biscoe","Adult, 1 Egg Stage","N60A2","Yes","2009-11-15","42.2","19.5","197","4275","MALE","880186","-2641218","NA"
"PAL0910","115","Adelie Penguin (Pygoscelis adeliae)","Anvers","Biscoe","Adult, 1 Egg Stage","N61A1","Yes","2009-11-17","39.6","20.7","191","3900","FEMALE","880967","-2678958","NA"
"PAL0910","116","Adelie Penguin (Pygoscelis adeliae)","Anvers","Biscoe","Adult, 1 Egg Stage","N61A2","Yes","2009-11-17","42.7","18.3","196","4075","MALE","891434","-2642018","NA"
"PAL0910","117","Adelie Penguin (Pygoscelis adeliae)","Anvers","Torgersen","Adult, 1 Egg Stage","N63A1","Yes","2009-11-18","38.6","17","188","2900","FEMALE","918021","-2577264","NA"
"PAL0910","118","Adelie Penguin (Pygoscelis adeliae)","Anvers","Torgersen","Adult, 1 Egg Stage","N63A2","Yes","2009-11-18","37.3","20.5","199","3775","MALE","949645","-2636678","NA"
"PAL0910","119","Adelie Penguin (Pygoscelis adeliae)","Anvers","Torgersen","Adult, 1 Egg Stage","N64A1","Yes","2009-11-22","35.7","17","189","3350","FEMALE","896436","-2390309","NA"
"PAL0910","120","Adelie Penguin (Pygoscelis adeliae)","Anvers","Torgersen","Adult, 1 Egg Stage","N64A2","Yes","2009-11-22","41.1","18.6","189","3325","MALE","932277","-2609989","NA"
"PAL0910","121","Adelie Penguin (Pygoscelis adeliae)","Anvers","Torgersen","Adult, 1 Egg Stage","N66A1","No","2009-11-17","36.2","17.2","187","3150","FEMALE","904296","-2619444","Nest never observed with full clutch."
"PAL0910","122","Adelie Penguin (Pygoscelis adeliae)","Anvers","Torgersen","Adult, 1 Egg Stage","N66A2","No","2009-11-17","37.7","19.8","198","3500","MALE","911066","-2642563","Nest never observed with full clutch."
"PAL0910","123","Adelie Penguin (Pygoscelis adeliae)","Anvers","Torgersen","Adult, 1 Egg Stage","N67A1","Yes","2009-11-16","40.2","17","176","3450","FEMALE","930722","-2561039","NA"
"PAL0910","124","Adelie Penguin (Pygoscelis adeliae)","Anvers","Torgersen","Adult, 1 Egg Stage","N67A2","Yes","2009-11-16","41.4","18.5","202","3875","MALE","959462","-2542621","NA"
"PAL0910","125","Adelie Penguin (Pygoscelis adeliae)","Anvers","Torgersen","Adult, 1 Egg Stage","N69A1","Yes","2009-11-18","35.2","15.9","186","3050","FEMALE","881668","-2595399","NA"
"PAL0910","126","Adelie Penguin (Pygoscelis adeliae)","Anvers","Torgersen","Adult, 1 Egg Stage","N69A2","Yes","2009-11-18","40.6","19","199","4000","MALE","922537","-2560826","NA"
"PAL0910","127","Adelie Penguin (Pygoscelis adeliae)","Anvers","Torgersen","Adult, 1 Egg Stage","N71A1","Yes","2009-11-21","38.8","17.6","191","3275","FEMALE","888098","-2589741","NA"
"PAL0910","128","Adelie Penguin (Pygoscelis adeliae)","Anvers","Torgersen","Adult, 1 Egg Stage","N71A2","Yes","2009-11-21","41.5","18.3","195","4300","MALE","852566","-260245","NA"
"PAL0910","129","Adelie Penguin (Pygoscelis adeliae)","Anvers","Torgersen","Adult, 1 Egg Stage","N72A1","Yes","2009-11-18","39","17.1","191","3050","FEMALE","919031","-2573722","NA"
"PAL0910","130","Adelie Penguin (Pygoscelis adeliae)","Anvers","Torgersen","Adult, 1 Egg Stage","N72A2","Yes","2009-11-18","44.1","18","210","4000","MALE","910702","-2601363","NA"
"PAL0910","131","Adelie Penguin (Pygoscelis adeliae)","Anvers","Torgersen","Adult, 1 Egg Stage","N73A1","No","2009-11-23","38.5","17.9","190","3325","FEMALE","89846","-2557956","Nest never observed with full clutch."
"PAL0910","132","Adelie Penguin (Pygoscelis adeliae)","Anvers","Torgersen","Adult, 1 Egg Stage","N73A2","No","2009-11-23","43.1","19.2","197","3500","MALE","886495","-261396","Nest never observed with full clutch."
"PAL0910","133","Adelie Penguin (Pygoscelis adeliae)","Anvers","Dream","Adult, 1 Egg Stage","N76A1","Yes","2009-11-10","36.8","18.5","193","3500","FEMALE","898705","-2557647","NA"
"PAL0910","134","Adelie Penguin (Pygoscelis adeliae)","Anvers","Dream","Adult, 1 Egg Stage","N76A2","Yes","2009-11-10","37.5","18.5","199","4475","MALE","856708","-2649288","NA"
"PAL0910","135","Adelie Penguin (Pygoscelis adeliae)","Anvers","Dream","Adult, 1 Egg Stage","N77A1","Yes","2009-11-13","38.1","17.6","187","3425","FEMALE","8717","-2577951","NA"
"PAL0910","136","Adelie Penguin (Pygoscelis adeliae)","Anvers","Dream","Adult, 1 Egg Stage","N77A2","Yes","2009-11-13","41.1","17.5","190","3900","MALE","894365","-2606943","NA"
"PAL0910","137","Adelie Penguin (Pygoscelis adeliae)","Anvers","Dream","Adult, 1 Egg Stage","N78A1","Yes","2009-11-16","35.6","17.5","191","3175","FEMALE","875984","-2597696","NA"
"PAL0910","138","Adelie Penguin (Pygoscelis adeliae)","Anvers","Dream","Adult, 1 Egg Stage","N78A2","Yes","2009-11-16","40.2","20.1","200","3975","MALE","895998","-2632601","NA"
"PAL0910","139","Adelie Penguin (Pygoscelis adeliae)","Anvers","Dream","Adult, 1 Egg Stage","N79A1","No","2009-11-16","37","16.5","185","3400","FEMALE","861651","-2607021","Nest never observed with full clutch."
"PAL0910","140","Adelie Penguin (Pygoscelis adeliae)","Anvers","Dream","Adult, 1 Egg Stage","N79A2","No","2009-11-16","39.7","17.9","193","4250","MALE","925769","-2588798","Nest never observed with full clutch."
"PAL0910","141","Adelie Penguin (Pygoscelis adeliae)","Anvers","Dream","Adult, 1 Egg Stage","N80A1","Yes","2009-11-14","40.2","17.1","193","3400","FEMALE","92881","-2554976","NA"
"PAL0910","142","Adelie Penguin (Pygoscelis adeliae)","Anvers","Dream","Adult, 1 Egg Stage","N80A2","Yes","2009-11-14","40.6","17.2","187","3475","MALE","923408","-2601549","NA"
"PAL0910","143","Adelie Penguin (Pygoscelis adeliae)","Anvers","Dream","Adult, 1 Egg Stage","N81A1","Yes","2009-11-16","32.1","15.5","188","3050","FEMALE","879787","-2661075","NA"
"PAL0910","144","Adelie Penguin (Pygoscelis adeliae)","Anvers","Dream","Adult, 1 Egg Stage","N81A2","Yes","2009-11-16","40.7","17","190","3725","MALE","905674","-2579529","NA"
"PAL0910","145","Adelie Penguin (Pygoscelis adeliae)","Anvers","Dream","Adult, 1 Egg Stage","N82A1","Yes","2009-11-16","37.3","16.8","192","3000","FEMALE","906829","-2585203","NA"
"PAL0910","146","Adelie Penguin (Pygoscelis adeliae)","Anvers","Dream","Adult, 1 Egg Stage","N82A2","Yes","2009-11-16","39","18.7","185","3650","MALE","922033","-2603442","NA"
"PAL0910","147","Adelie Penguin (Pygoscelis adeliae)","Anvers","Dream","Adult, 1 Egg Stage","N83A1","Yes","2009-11-13","39.2","18.6","190","4250","MALE","911006","-2579549","NA"
"PAL0910","148","Adelie Penguin (Pygoscelis adeliae)","Anvers","Dream","Adult, 1 Egg Stage","N83A2","Yes","2009-11-13","36.6","18.4","184","3475","FEMALE","868744","-258306","NA"
"PAL0910","149","Adelie Penguin (Pygoscelis adeliae)","Anvers","Dream","Adult, 1 Egg Stage","N84A1","Yes","2009-11-17","36","17.8","195","3450","FEMALE","894332","-2579189","NA"
"PAL0910","150","Adelie Penguin (Pygoscelis adeliae)","Anvers","Dream","Adult, 1 Egg Stage","N84A2","Yes","2009-11-17","37.8","18.1","193","3750","MALE","897533","-2603495","NA"
"PAL0910","151","Adelie Penguin (Pygoscelis adeliae)","Anvers","Dream","Adult, 1 Egg Stage","N85A1","Yes","2009-11-17","36","17.1","187","3700","FEMALE","893465","-2607081","NA"
"PAL0910","152","Adelie Penguin (Pygoscelis adeliae)","Anvers","Dream","Adult, 1 Egg Stage","N85A2","Yes","2009-11-17","41.5","18.5","201","4000","MALE","88964","-2606967","NA"
"PAL0708","1","Gentoo penguin (Pygoscelis papua)","Anvers","Biscoe","Adult, 1 Egg Stage","N31A1","Yes","2007-11-27","46.1","13.2","211","4500","FEMALE","7993","-255139","NA"
"PAL0708","2","Gentoo penguin (Pygoscelis papua)","Anvers","Biscoe","Adult, 1 Egg Stage","N31A2","Yes","2007-11-27","50","16.3","230","5700","MALE","814756","-2539369","NA"
"PAL0708","3","Gentoo penguin (Pygoscelis papua)","Anvers","Biscoe","Adult, 1 Egg Stage","N32A1","Yes","2007-11-27","48.7","14.1","210","4450","FEMALE","814705","-2546172","NA"
"PAL0708","4","Gentoo penguin (Pygoscelis papua)","Anvers","Biscoe","Adult, 1 Egg Stage","N32A2","Yes","2007-11-27","50","15.2","218","5700","MALE","82554","-2540075","NA"
"PAL0708","5","Gentoo penguin (Pygoscelis papua)","Anvers","Biscoe","Adult, 1 Egg Stage","N33A1","Yes","2007-11-18","47.6","14.5","215","5400","MALE","82345","-2554456","NA"
"PAL0708","6","Gentoo penguin (Pygoscelis papua)","Anvers","Biscoe","Adult, 1 Egg Stage","N33A2","Yes","2007-11-18","46.5","13.5","210","4550","FEMALE","79953","-2532829","NA"
"PAL0708","7","Gentoo penguin (Pygoscelis papua)","Anvers","Biscoe","Adult, 1 Egg Stage","N34A1","Yes","2007-11-27","45.4","14.6","211","4800","FEMALE","824515","-2546782","NA"
"PAL0708","8","Gentoo penguin (Pygoscelis papua)","Anvers","Biscoe","Adult, 1 Egg Stage","N34A2","Yes","2007-11-27","46.7","15.3","219","5200","MALE","822673","-254276","NA"
"PAL0708","9","Gentoo penguin (Pygoscelis papua)","Anvers","Biscoe","Adult, 1 Egg Stage","N35A1","Yes","2007-11-27","43.3","13.4","209","4400","FEMALE","813643","-2532176","NA"
"PAL0708","10","Gentoo penguin (Pygoscelis papua)","Anvers","Biscoe","Adult, 1 Egg Stage","N35A2","Yes","2007-11-27","46.8","15.4","215","5150","MALE","81631","-2538017","NA"
"PAL0708","11","Gentoo penguin (Pygoscelis papua)","Anvers","Biscoe","Adult, 1 Egg Stage","N36A1","No","2007-11-27","40.9","13.7","214","4650","FEMALE","819579","-253933","Nest never observed with full clutch."
"PAL0708","12","Gentoo penguin (Pygoscelis papua)","Anvers","Biscoe","Adult, 1 Egg Stage","N36A2","No","2007-11-27","49","16.1","216","5550","MALE","810417","-2550562","Nest never observed with full clutch."
"PAL0708","13","Gentoo penguin (Pygoscelis papua)","Anvers","Biscoe","Adult, 1 Egg Stage","N37A1","Yes","2007-11-29","45.5","13.7","214","4650","FEMALE","777672","-254168","NA"
"PAL0708","14","Gentoo penguin (Pygoscelis papua)","Anvers","Biscoe","Adult, 1 Egg Stage","N37A2","Yes","2007-11-29","48.4","14.6","213","5850","MALE","78208","-2548025","NA"
"PAL0708","15","Gentoo penguin (Pygoscelis papua)","Anvers","Biscoe","Adult, 1 Egg Stage","N38A1","Yes","2007-12-03","45.8","14.6","210","4200","FEMALE","779958","-2562618","NA"
"PAL0708","16","Gentoo penguin (Pygoscelis papua)","Anvers","Biscoe","Adult, 1 Egg Stage","N38A2","Yes","2007-12-03","49.3","15.7","217","5850","MALE","807137","-2552473","NA"
"PAL0708","17","Gentoo penguin (Pygoscelis papua)","Anvers","Biscoe","Adult, 1 Egg Stage","N39A1","Yes","2007-11-27","42","13.5","210","4150","FEMALE","763884","-2552627","NA"
"PAL0708","18","Gentoo penguin (Pygoscelis papua)","Anvers","Biscoe","Adult, 1 Egg Stage","N39A2","Yes","2007-11-27","49.2","15.2","221","6300","MALE","827376","-2500169","NA"
"PAL0708","19","Gentoo penguin (Pygoscelis papua)","Anvers","Biscoe","Adult, 1 Egg Stage","N40A1","Yes","2007-11-27","46.2","14.5","209","4800","FEMALE","784057","-2537899","NA"
"PAL0708","20","Gentoo penguin (Pygoscelis papua)","Anvers","Biscoe","Adult, 1 Egg Stage","N40A2","Yes","2007-11-27","48.7","15.1","222","5350","MALE","796491","-2539587","NA"
"PAL0708","21","Gentoo penguin (Pygoscelis papua)","Anvers","Biscoe","Adult, 1 Egg Stage","N41A1","Yes","2007-11-27","50.2","14.3","218","5700","MALE","78962","-2537746","NA"
"PAL0708","22","Gentoo penguin (Pygoscelis papua)","Anvers","Biscoe","Adult, 1 Egg Stage","N41A2","Yes","2007-11-27","45.1","14.5","215","5000","FEMALE","76322","-2546569","NA"
"PAL0708","23","Gentoo penguin (Pygoscelis papua)","Anvers","Biscoe","Adult, 1 Egg Stage","N42A1","Yes","2007-11-27","46.5","14.5","213","4400","FEMALE","790436","-253947","NA"
"PAL0708","24","Gentoo penguin (Pygoscelis papua)","Anvers","Biscoe","Adult, 1 Egg Stage","N42A2","Yes","2007-11-27","46.3","15.8","215","5050","MALE","790971","-2538157","NA"
"PAL0708","25","Gentoo penguin (Pygoscelis papua)","Anvers","Biscoe","Adult, 1 Egg Stage","N44A1","Yes","2007-11-29","42.9","13.1","215","5000","FEMALE","768528","-2539181","NA"
"PAL0708","26","Gentoo penguin (Pygoscelis papua)","Anvers","Biscoe","Adult, 1 Egg Stage","N44A2","Yes","2007-11-29","46.1","15.1","215","5100","MALE","783733","-2542826","NA"
"PAL0708","27","Gentoo penguin (Pygoscelis papua)","Anvers","Biscoe","Adult, 1 Egg Stage","N46A1","Yes","2007-11-29","44.5","14.3","216","4100","NA","796621","-2569327","Sexing primers did not amplify."
"PAL0708","28","Gentoo penguin (Pygoscelis papua)","Anvers","Biscoe","Adult, 1 Egg Stage","N46A2","Yes","2007-11-29","47.8","15","215","5650","MALE","792358","-2548383","NA"
"PAL0708","29","Gentoo penguin (Pygoscelis papua)","Anvers","Biscoe","Adult, 1 Egg Stage","N47A1","Yes","2007-11-29","48.2","14.3","210","4600","FEMALE","76887","-2550811","NA"
"PAL0708","30","Gentoo penguin (Pygoscelis papua)","Anvers","Biscoe","Adult, 1 Egg Stage","N47A2","Yes","2007-11-29","50","15.3","220","5550","MALE","830515","-2519017","NA"
"PAL0708","31","Gentoo penguin (Pygoscelis papua)","Anvers","Biscoe","Adult, 1 Egg Stage","N50A1","Yes","2007-11-29","47.3","15.3","222","5250","MALE","NA","NA","Not enough blood for isotopes."
"PAL0708","32","Gentoo penguin (Pygoscelis papua)","Anvers","Biscoe","Adult, 1 Egg Stage","N50A2","Yes","2007-11-29","42.8","14.2","209","4700","FEMALE","763452","-2546327","NA"
"PAL0708","33","Gentoo penguin (Pygoscelis papua)","Anvers","Biscoe","Adult, 1 Egg Stage","N56A1","Yes","2007-12-03","45.1","14.5","207","5050","FEMALE","797408","-2553768","NA"
"PAL0708","34","Gentoo penguin (Pygoscelis papua)","Anvers","Biscoe","Adult, 1 Egg Stage","N56A2","Yes","2007-12-03","59.6","17","230","6050","MALE","776843","-256821","NA"
"PAL0809","35","Gentoo penguin (Pygoscelis papua)","Anvers","Biscoe","Adult, 1 Egg Stage","N2A1","Yes","2008-11-13","49.1","14.8","220","5150","FEMALE","789744","-2663405","NA"
"PAL0809","36","Gentoo penguin (Pygoscelis papua)","Anvers","Biscoe","Adult, 1 Egg Stage","N2A2","Yes","2008-11-13","48.4","16.3","220","5400","MALE","803659","-2686127","NA"
"PAL0809","37","Gentoo penguin (Pygoscelis papua)","Anvers","Biscoe","Adult, 1 Egg Stage","N4A1","Yes","2008-11-02","42.6","13.7","213","4950","FEMALE","796935","-2670968","NA"
"PAL0809","38","Gentoo penguin (Pygoscelis papua)","Anvers","Biscoe","Adult, 1 Egg Stage","N4A2","Yes","2008-11-02","44.4","17.3","219","5250","MALE","813746","-2679093","NA"
"PAL0809","39","Gentoo penguin (Pygoscelis papua)","Anvers","Biscoe","Adult, 1 Egg Stage","N5A1","Yes","2008-11-09","44","13.6","208","4350","FEMALE","801979","-2668311","NA"
"PAL0809","40","Gentoo penguin (Pygoscelis papua)","Anvers","Biscoe","Adult, 1 Egg Stage","N5A2","Yes","2008-11-09","48.7","15.7","208","5350","MALE","814776","-2684506","NA"
"PAL0809","41","Gentoo penguin (Pygoscelis papua)","Anvers","Biscoe","Adult, 1 Egg Stage","N6A1","No","2008-11-04","42.7","13.7","208","3950","FEMALE","814567","-2659467","Nest never observed with full clutch."
"PAL0809","42","Gentoo penguin (Pygoscelis papua)","Anvers","Biscoe","Adult, 1 Egg Stage","N6A2","No","2008-11-04","49.6","16","225","5700","MALE","838324","-2684272","Nest never observed with full clutch."
"PAL0809","43","Gentoo penguin (Pygoscelis papua)","Anvers","Biscoe","Adult, 1 Egg Stage","N7A1","Yes","2008-11-04","45.3","13.7","210","4300","FEMALE","837615","-2672791","NA"
"PAL0809","44","Gentoo penguin (Pygoscelis papua)","Anvers","Biscoe","Adult, 1 Egg Stage","N7A2","Yes","2008-11-04","49.6","15","216","4750","MALE","826548","-267699","NA"
"PAL0809","45","Gentoo penguin (Pygoscelis papua)","Anvers","Biscoe","Adult, 1 Egg Stage","N8A1","Yes","2008-11-03","50.5","15.9","222","5550","MALE","846894","-2660436","NA"
"PAL0809","46","Gentoo penguin (Pygoscelis papua)","Anvers","Biscoe","Adult, 1 Egg Stage","N8A2","Yes","2008-11-03","43.6","13.9","217","4900","FEMALE","827141","-267765","NA"
"PAL0809","47","Gentoo penguin (Pygoscelis papua)","Anvers","Biscoe","Adult, 1 Egg Stage","N11A1","No","2008-11-09","45.5","13.9","210","4200","FEMALE","847829","-2661788","Nest never observed with full clutch."
"PAL0809","48","Gentoo penguin (Pygoscelis papua)","Anvers","Biscoe","Adult, 1 Egg Stage","N11A2","No","2008-11-09","50.5","15.9","225","5400","MALE","865803","-2657585","Nest never observed with full clutch."
"PAL0809","49","Gentoo penguin (Pygoscelis papua)","Anvers","Biscoe","Adult, 1 Egg Stage","N12A1","Yes","2008-11-02","44.9","13.3","213","5100","FEMALE","845167","-2689644","NA"
"PAL0809","50","Gentoo penguin (Pygoscelis papua)","Anvers","Biscoe","Adult, 1 Egg Stage","N12A2","Yes","2008-11-02","45.2","15.8","215","5300","MALE","855868","-2667799","NA"
"PAL0809","51","Gentoo penguin (Pygoscelis papua)","Anvers","Biscoe","Adult, 1 Egg Stage","N13A1","Yes","2008-11-04","46.6","14.2","210","4850","FEMALE","838289","-2686352","NA"
"PAL0809","52","Gentoo penguin (Pygoscelis papua)","Anvers","Biscoe","Adult, 1 Egg Stage","N13A2","Yes","2008-11-04","48.5","14.1","220","5300","MALE","839867","-2679358","NA"
"PAL0809","53","Gentoo penguin (Pygoscelis papua)","Anvers","Biscoe","Adult, 1 Egg Stage","N14A1","Yes","2008-11-04","45.1","14.4","210","4400","FEMALE","851951","-2701854","NA"
"PAL0809","54","Gentoo penguin (Pygoscelis papua)","Anvers","Biscoe","Adult, 1 Egg Stage","N14A2","Yes","2008-11-04","50.1","15","225","5000","MALE","850153","-2661414","NA"
"PAL0809","55","Gentoo penguin (Pygoscelis papua)","Anvers","Biscoe","Adult, 1 Egg Stage","N15A1","Yes","2008-11-04","46.5","14.4","217","4900","FEMALE","848789","-2683006","NA"
"PAL0809","56","Gentoo penguin (Pygoscelis papua)","Anvers","Biscoe","Adult, 1 Egg Stage","N15A2","Yes","2008-11-04","45","15.4","220","5050","MALE","863488","-2675621","NA"
"PAL0809","57","Gentoo penguin (Pygoscelis papua)","Anvers","Biscoe","Adult, 1 Egg Stage","N16A1","Yes","2008-11-03","43.8","13.9","208","4300","FEMALE","858319","-2684415","NA"
"PAL0809","58","Gentoo penguin (Pygoscelis papua)","Anvers","Biscoe","Adult, 1 Egg Stage","N16A2","Yes","2008-11-03","45.5","15","220","5000","MALE","863604","-267489","NA"
"PAL0809","59","Gentoo penguin (Pygoscelis papua)","Anvers","Biscoe","Adult, 1 Egg Stage","N17A1","Yes","2008-11-06","43.2","14.5","208","4450","FEMALE","848367","-2686485","NA"
"PAL0809","60","Gentoo penguin (Pygoscelis papua)","Anvers","Biscoe","Adult, 1 Egg Stage","N17A2","Yes","2008-11-06","50.4","15.3","224","5550","MALE","874647","-2679846","NA"
"PAL0809","61","Gentoo penguin (Pygoscelis papua)","Anvers","Biscoe","Adult, 1 Egg Stage","N18A1","Yes","2008-11-03","45.3","13.8","208","4200","FEMALE","865015","-2679053","NA"
"PAL0809","62","Gentoo penguin (Pygoscelis papua)","Anvers","Biscoe","Adult, 1 Egg Stage","N18A2","Yes","2008-11-03","46.2","14.9","221","5300","MALE","860092","-2684374","NA"
"PAL0809","63","Gentoo penguin (Pygoscelis papua)","Anvers","Biscoe","Adult, 1 Egg Stage","N19A1","Yes","2008-11-13","45.7","13.9","214","4400","FEMALE","86287","-2660484","NA"
"PAL0809","64","Gentoo penguin (Pygoscelis papua)","Anvers","Biscoe","Adult, 1 Egg Stage","N19A2","Yes","2008-11-13","54.3","15.7","231","5650","MALE","849662","-2684166","NA"
"PAL0809","65","Gentoo penguin (Pygoscelis papua)","Anvers","Biscoe","Adult, 1 Egg Stage","N20A1","Yes","2008-11-04","45.8","14.2","219","4700","FEMALE","860447","-2661601","NA"
"PAL0809","66","Gentoo penguin (Pygoscelis papua)","Anvers","Biscoe","Adult, 1 Egg Stage","N20A2","Yes","2008-11-04","49.8","16.8","230","5700","MALE","847067","-2669166","NA"
"PAL0809","67","Gentoo penguin (Pygoscelis papua)","Anvers","Biscoe","Adult, 1 Egg Stage","N51A1","Yes","2008-11-09","46.2","14.4","214","4650","NA","824253","-268154","Sexing primers did not amplify."
"PAL0809","68","Gentoo penguin (Pygoscelis papua)","Anvers","Biscoe","Adult, 1 Egg Stage","N51A2","Yes","2008-11-09","49.5","16.2","229","5800","MALE","849854","-2674809","NA"
"PAL0809","69","Gentoo penguin (Pygoscelis papua)","Anvers","Biscoe","Adult, 1 Egg Stage","N53A1","Yes","2008-11-13","43.5","14.2","220","4700","FEMALE","864931","-2668867","NA"
"PAL0809","70","Gentoo penguin (Pygoscelis papua)","Anvers","Biscoe","Adult, 1 Egg Stage","N53A2","Yes","2008-11-13","50.7","15","223","5550","MALE","863551","-2674249","NA"
"PAL0809","71","Gentoo penguin (Pygoscelis papua)","Anvers","Biscoe","Adult, 1 Egg Stage","N54A1","Yes","2008-11-03","47.7","15","216","4750","FEMALE","853018","-2672751","NA"
"PAL0809","72","Gentoo penguin (Pygoscelis papua)","Anvers","Biscoe","Adult, 1 Egg Stage","N54A2","Yes","2008-11-03","46.4","15.6","221","5000","MALE","835078","-2670783","NA"
"PAL0809","73","Gentoo penguin (Pygoscelis papua)","Anvers","Biscoe","Adult, 1 Egg Stage","N55A1","Yes","2008-11-09","48.2","15.6","221","5100","MALE","824651","-2666958","NA"
"PAL0809","74","Gentoo penguin (Pygoscelis papua)","Anvers","Biscoe","Adult, 1 Egg Stage","N55A2","Yes","2008-11-09","46.5","14.8","217","5200","FEMALE","858487","-265929","NA"
"PAL0809","75","Gentoo penguin (Pygoscelis papua)","Anvers","Biscoe","Adult, 1 Egg Stage","N56A1","Yes","2008-11-06","46.4","15","216","4700","FEMALE","847938","-269547","NA"
"PAL0809","76","Gentoo penguin (Pygoscelis papua)","Anvers","Biscoe","Adult, 1 Egg Stage","N56A2","Yes","2008-11-06","48.6","16","230","5800","MALE","85964","-2671199","NA"
"PAL0809","77","Gentoo penguin (Pygoscelis papua)","Anvers","Biscoe","Adult, 1 Egg Stage","N58A1","Yes","2008-11-06","47.5","14.2","209","4600","FEMALE","839299","-2678733","NA"
"PAL0809","78","Gentoo penguin (Pygoscelis papua)","Anvers","Biscoe","Adult, 1 Egg Stage","N58A2","Yes","2008-11-06","51.1","16.3","220","6000","MALE","840327","-2676821","NA"
"PAL0809","79","Gentoo penguin (Pygoscelis papua)","Anvers","Biscoe","Adult, 1 Egg Stage","N60A1","Yes","2008-11-09","45.2","13.8","215","4750","FEMALE","824694","-2665359","NA"
"PAL0809","80","Gentoo penguin (Pygoscelis papua)","Anvers","Biscoe","Adult, 1 Egg Stage","N60A2","Yes","2008-11-09","45.2","16.4","223","5950","MALE","819749","-2665931","NA"
"PAL0910","81","Gentoo penguin (Pygoscelis papua)","Anvers","Biscoe","Adult, 1 Egg Stage","N1A1","Yes","2009-11-18","49.1","14.5","212","4625","FEMALE","835802","-262766","NA"
"PAL0910","82","Gentoo penguin (Pygoscelis papua)","Anvers","Biscoe","Adult, 1 Egg Stage","N1A2","Yes","2009-11-18","52.5","15.6","221","5450","MALE","828601","-2627573","NA"
"PAL0910","83","Gentoo penguin (Pygoscelis papua)","Anvers","Biscoe","Adult, 1 Egg Stage","N6A1","Yes","2009-11-15","47.4","14.6","212","4725","FEMALE","819101","-2624369","NA"
"PAL0910","84","Gentoo penguin (Pygoscelis papua)","Anvers","Biscoe","Adult, 1 Egg Stage","N6A2","Yes","2009-11-15","50","15.9","224","5350","MALE","820042","-2639677","NA"
"PAL0910","85","Gentoo penguin (Pygoscelis papua)","Anvers","Biscoe","Adult, 1 Egg Stage","N8A1","Yes","2009-11-22","44.9","13.8","212","4750","FEMALE","811238","-2620372","NA"
"PAL0910","86","Gentoo penguin (Pygoscelis papua)","Anvers","Biscoe","Adult, 1 Egg Stage","N8A2","Yes","2009-11-22","50.8","17.3","228","5600","MALE","827428","-2630019","NA"
"PAL0910","87","Gentoo penguin (Pygoscelis papua)","Anvers","Biscoe","Adult, 1 Egg Stage","N13A1","Yes","2009-11-20","43.4","14.4","218","4600","FEMALE","823468","-2618599","NA"
"PAL0910","88","Gentoo penguin (Pygoscelis papua)","Anvers","Biscoe","Adult, 1 Egg Stage","N13A2","Yes","2009-11-20","51.3","14.2","218","5300","MALE","815426","-263433","NA"
"PAL0910","89","Gentoo penguin (Pygoscelis papua)","Anvers","Biscoe","Adult, 1 Egg Stage","N14A1","Yes","2009-11-25","47.5","14","212","4875","FEMALE","812691","-2623613","NA"
"PAL0910","90","Gentoo penguin (Pygoscelis papua)","Anvers","Biscoe","Adult, 1 Egg Stage","N14A2","Yes","2009-11-25","52.1","17","230","5550","MALE","827595","-2611657","NA"
"PAL0910","91","Gentoo penguin (Pygoscelis papua)","Anvers","Biscoe","Adult, 1 Egg Stage","N15A1","Yes","2009-11-25","47.5","15","218","4950","FEMALE","829671","-2608547","NA"
"PAL0910","92","Gentoo penguin (Pygoscelis papua)","Anvers","Biscoe","Adult, 1 Egg Stage","N15A2","Yes","2009-11-25","52.2","17.1","228","5400","MALE","836701","-2589834","NA"
"PAL0910","93","Gentoo penguin (Pygoscelis papua)","Anvers","Biscoe","Adult, 1 Egg Stage","N18A1","Yes","2009-12-01","45.5","14.5","212","4750","FEMALE","815566","-2622848","NA"
"PAL0910","94","Gentoo penguin (Pygoscelis papua)","Anvers","Biscoe","Adult, 1 Egg Stage","N18A2","Yes","2009-12-01","49.5","16.1","224","5650","MALE","883352","-2569195","NA"
"PAL0910","95","Gentoo penguin (Pygoscelis papua)","Anvers","Biscoe","Adult, 1 Egg Stage","N19A1","Yes","2009-11-27","44.5","14.7","214","4850","FEMALE","820106","-2616524","NA"
"PAL0910","96","Gentoo penguin (Pygoscelis papua)","Anvers","Biscoe","Adult, 1 Egg Stage","N19A2","Yes","2009-11-27","50.8","15.7","226","5200","MALE","827102","-2611244","NA"
"PAL0910","97","Gentoo penguin (Pygoscelis papua)","Anvers","Biscoe","Adult, 1 Egg Stage","N20A1","Yes","2009-11-18","49.4","15.8","216","4925","MALE","803624","-2606594","NA"
"PAL0910","98","Gentoo penguin (Pygoscelis papua)","Anvers","Biscoe","Adult, 1 Egg Stage","N20A2","Yes","2009-11-18","46.9","14.6","222","4875","FEMALE","78881","-2604726","NA"
"PAL0910","99","Gentoo penguin (Pygoscelis papua)","Anvers","Biscoe","Adult, 1 Egg Stage","N21A1","Yes","2009-11-18","48.4","14.4","203","4625","FEMALE","816582","-2613971","NA"
"PAL0910","100","Gentoo penguin (Pygoscelis papua)","Anvers","Biscoe","Adult, 1 Egg Stage","N21A2","Yes","2009-11-18","51.1","16.5","225","5250","MALE","82066","-2636863","NA"
"PAL0910","101","Gentoo penguin (Pygoscelis papua)","Anvers","Biscoe","Adult, 1 Egg Stage","N22A1","Yes","2009-11-22","48.5","15","219","4850","FEMALE","810231","-2618763","NA"
"PAL0910","102","Gentoo penguin (Pygoscelis papua)","Anvers","Biscoe","Adult, 1 Egg Stage","N22A2","Yes","2009-11-22","55.9","17","228","5600","MALE","83118","-2635425","NA"
"PAL0910","103","Gentoo penguin (Pygoscelis papua)","Anvers","Biscoe","Adult, 1 Egg Stage","N23A1","Yes","2009-11-18","47.2","15.5","215","4975","FEMALE","830817","-2621651","NA"
"PAL0910","104","Gentoo penguin (Pygoscelis papua)","Anvers","Biscoe","Adult, 1 Egg Stage","N23A2","Yes","2009-11-18","49.1","15","228","5500","MALE","865914","-2579203","NA"
"PAL0910","105","Gentoo penguin (Pygoscelis papua)","Anvers","Biscoe","Adult, 1 Egg Stage","N24A1","Yes","2009-12-01","47.3","13.8","216","4725","NA","825818","-2623886","Sexing primers did not amplify."
"PAL0910","106","Gentoo penguin (Pygoscelis papua)","Anvers","Biscoe","Adult, 1 Egg Stage","N24A2","Yes","2009-12-01","46.8","16.1","215","5500","MALE","832359","-2605756","NA"
"PAL0910","107","Gentoo penguin (Pygoscelis papua)","Anvers","Biscoe","Adult, 1 Egg Stage","N28A1","Yes","2009-11-10","41.7","14.7","210","4700","FEMALE","812311","-2644815","NA"
"PAL0910","108","Gentoo penguin (Pygoscelis papua)","Anvers","Biscoe","Adult, 1 Egg Stage","N28A2","Yes","2009-11-10","53.4","15.8","219","5500","MALE","841017","-2633867","NA"
"PAL0910","109","Gentoo penguin (Pygoscelis papua)","Anvers","Biscoe","Adult, 1 Egg Stage","N29A1","Yes","2009-11-09","43.3","14","208","4575","FEMALE","84207","-2638092","NA"
"PAL0910","110","Gentoo penguin (Pygoscelis papua)","Anvers","Biscoe","Adult, 1 Egg Stage","N29A2","Yes","2009-11-09","48.1","15.1","209","5500","MALE","845738","-2622664","NA"
"PAL0910","111","Gentoo penguin (Pygoscelis papua)","Anvers","Biscoe","Adult, 1 Egg Stage","N32A1","Yes","2009-11-20","50.5","15.2","216","5000","FEMALE","824691","-2618466","NA"
"PAL0910","112","Gentoo penguin (Pygoscelis papua)","Anvers","Biscoe","Adult, 1 Egg Stage","N32A2","Yes","2009-11-20","49.8","15.9","229","5950","MALE","829226","-2621019","NA"
"PAL0910","113","Gentoo penguin (Pygoscelis papua)","Anvers","Biscoe","Adult, 1 Egg Stage","N34A1","Yes","2009-11-27","43.5","15.2","213","4650","FEMALE","821634","-2611046","NA"
"PAL0910","114","Gentoo penguin (Pygoscelis papua)","Anvers","Biscoe","Adult, 1 Egg Stage","N34A2","Yes","2009-11-27","51.5","16.3","230","5500","MALE","878557","-2576147","NA"
"PAL0910","115","Gentoo penguin (Pygoscelis papua)","Anvers","Biscoe","Adult, 1 Egg Stage","N35A1","Yes","2009-11-25","46.2","14.1","217","4375","FEMALE","830231","-2596013","NA"
"PAL0910","116","Gentoo penguin (Pygoscelis papua)","Anvers","Biscoe","Adult, 1 Egg Stage","N35A2","Yes","2009-11-25","55.1","16","230","5850","MALE","808354","-2618161","NA"
"PAL0910","117","Gentoo penguin (Pygoscelis papua)","Anvers","Biscoe","Adult, 1 Egg Stage","N36A1","Yes","2009-12-01","44.5","15.7","217","4875","NA","804111","-2618444","Sexing primers did not amplify."
"PAL0910","118","Gentoo penguin (Pygoscelis papua)","Anvers","Biscoe","Adult, 1 Egg Stage","N36A2","Yes","2009-12-01","48.8","16.2","222","6000","MALE","833825","-2588547","NA"
"PAL0910","119","Gentoo penguin (Pygoscelis papua)","Anvers","Biscoe","Adult, 1 Egg Stage","N38A1","No","2009-12-01","47.2","13.7","214","4925","FEMALE","799184","-2620538","Nest never observed with full clutch."
"PAL0910","120","Gentoo penguin (Pygoscelis papua)","Anvers","Biscoe","Adult, 1 Egg Stage","N38A2","No","2009-12-01","NA","NA","NA","NA","NA","NA","NA","Adult not sampled. Nest never observed with full clutch."
"PAL0910","121","Gentoo penguin (Pygoscelis papua)","Anvers","Biscoe","Adult, 1 Egg Stage","N39A1","Yes","2009-11-22","46.8","14.3","215","4850","FEMALE","841151","-2613832","NA"
"PAL0910","122","Gentoo penguin (Pygoscelis papua)","Anvers","Biscoe","Adult, 1 Egg Stage","N39A2","Yes","2009-11-22","50.4","15.7","222","5750","MALE","830166","-2604117","NA"
"PAL0910","123","Gentoo penguin (Pygoscelis papua)","Anvers","Biscoe","Adult, 1 Egg Stage","N43A1","Yes","2009-11-22","45.2","14.8","212","5200","FEMALE","824246","-2611969","NA"
"PAL0910","124","Gentoo penguin (Pygoscelis papua)","Anvers","Biscoe","Adult, 1 Egg Stage","N43A2","Yes","2009-11-22","49.9","16.1","213","5400","MALE","83639","-2615531","NA"
"PAL0708","1","Chinstrap penguin (Pygoscelis antarctica)","Anvers","Dream","Adult, 1 Egg Stage","N61A1","No","2007-11-19","46.5","17.9","192","3500","FEMALE","903935","-2430229","Nest never observed with full clutch."
"PAL0708","2","Chinstrap penguin (Pygoscelis antarctica)","Anvers","Dream","Adult, 1 Egg Stage","N61A2","No","2007-11-19","50","19.5","196","3900","MALE","892069","-2423592","Nest never observed with full clutch."
"PAL0708","3","Chinstrap penguin (Pygoscelis antarctica)","Anvers","Dream","Adult, 1 Egg Stage","N62A1","Yes","2007-11-26","51.3","19.2","193","3650","MALE","929078","-247557","NA"
"PAL0708","4","Chinstrap penguin (Pygoscelis antarctica)","Anvers","Dream","Adult, 1 Egg Stage","N62A2","Yes","2007-11-26","45.4","18.7","188","3525","FEMALE","864701","-2462717","NA"
"PAL0708","5","Chinstrap penguin (Pygoscelis antarctica)","Anvers","Dream","Adult, 1 Egg Stage","N64A1","Yes","2007-11-21","52.7","19.8","197","3725","MALE","900642","-2461867","NA"
"PAL0708","6","Chinstrap penguin (Pygoscelis antarctica)","Anvers","Dream","Adult, 1 Egg Stage","N64A2","Yes","2007-11-21","45.2","17.8","198","3950","FEMALE","888942","-2449433","NA"
"PAL0708","7","Chinstrap penguin (Pygoscelis antarctica)","Anvers","Dream","Adult, 1 Egg Stage","N66A1","Yes","2007-11-28","46.1","18.2","178","3250","FEMALE","885664","-2455644","NA"
"PAL0708","8","Chinstrap penguin (Pygoscelis antarctica)","Anvers","Dream","Adult, 1 Egg Stage","N66A2","Yes","2007-11-28","51.3","18.2","197","3750","MALE","863701","-2484059","NA"
"PAL0708","9","Chinstrap penguin (Pygoscelis antarctica)","Anvers","Dream","Adult, 1 Egg Stage","N67A1","Yes","2007-11-21","46","18.9","195","4150","FEMALE","847173","-2429229","NA"
"PAL0708","10","Chinstrap penguin (Pygoscelis antarctica)","Anvers","Dream","Adult, 1 Egg Stage","N67A2","Yes","2007-11-21","51.3","19.9","198","3700","MALE","879581","-2436088","NA"
"PAL0708","11","Chinstrap penguin (Pygoscelis antarctica)","Anvers","Dream","Adult, 1 Egg Stage","N68A1","Yes","2007-11-28","46.6","17.8","193","3800","FEMALE","895063","-2459897","NA"
"PAL0708","12","Chinstrap penguin (Pygoscelis antarctica)","Anvers","Dream","Adult, 1 Egg Stage","N68A2","Yes","2007-11-28","51.7","20.3","194","3775","MALE","868747","-2438751","NA"
"PAL0708","13","Chinstrap penguin (Pygoscelis antarctica)","Anvers","Dream","Adult, 1 Egg Stage","N69A1","Yes","2007-11-26","47","17.3","185","3700","FEMALE","872037","-2480526","NA"
"PAL0708","14","Chinstrap penguin (Pygoscelis antarctica)","Anvers","Dream","Adult, 1 Egg Stage","N69A2","Yes","2007-11-26","52","18.1","201","4050","MALE","90233","-2438933","NA"
"PAL0708","15","Chinstrap penguin (Pygoscelis antarctica)","Anvers","Dream","Adult, 1 Egg Stage","N70A1","Yes","2007-11-22","45.9","17.1","190","3575","FEMALE","912277","-2490024","NA"
"PAL0708","16","Chinstrap penguin (Pygoscelis antarctica)","Anvers","Dream","Adult, 1 Egg Stage","N70A2","Yes","2007-11-22","50.5","19.6","201","4050","MALE","98059","-247294","NA"
"PAL0708","17","Chinstrap penguin (Pygoscelis antarctica)","Anvers","Dream","Adult, 1 Egg Stage","N71A1","No","2007-11-30","50.3","20","197","3300","MALE","1002019","-2454704","Nest never observed with full clutch."
"PAL0708","18","Chinstrap penguin (Pygoscelis antarctica)","Anvers","Dream","Adult, 1 Egg Stage","N71A2","No","2007-11-30","58","17.8","181","3700","FEMALE","914382","-2457994","Nest never observed with full clutch."
"PAL0708","19","Chinstrap penguin (Pygoscelis antarctica)","Anvers","Dream","Adult, 1 Egg Stage","N72A1","Yes","2007-11-30","46.4","18.6","190","3450","FEMALE","932105","-2464162","NA"
"PAL0708","20","Chinstrap penguin (Pygoscelis antarctica)","Anvers","Dream","Adult, 1 Egg Stage","N72A2","Yes","2007-11-30","49.2","18.2","195","4400","MALE","927158","-2464335","NA"
"PAL0708","21","Chinstrap penguin (Pygoscelis antarctica)","Anvers","Dream","Adult, 1 Egg Stage","N73A1","Yes","2007-12-03","42.4","17.3","181","3600","FEMALE","935138","-246879","NA"
"PAL0708","22","Chinstrap penguin (Pygoscelis antarctica)","Anvers","Dream","Adult, 1 Egg Stage","N73A2","Yes","2007-12-03","48.5","17.5","191","3400","MALE","942666","-2426375","NA"
"PAL0708","23","Chinstrap penguin (Pygoscelis antarctica)","Anvers","Dream","Adult, 1 Egg Stage","N85A1","No","2007-11-28","43.2","16.6","187","2900","FEMALE","935416","-2501185","Nest never observed with full clutch."
"PAL0708","24","Chinstrap penguin (Pygoscelis antarctica)","Anvers","Dream","Adult, 1 Egg Stage","N85A2","No","2007-11-28","50.6","19.4","193","3800","MALE","928153","-2497134","Nest never observed with full clutch."
"PAL0708","25","Chinstrap penguin (Pygoscelis antarctica)","Anvers","Dream","Adult, 1 Egg Stage","N89A1","No","2007-11-28","46.7","17.9","195","3300","FEMALE","974144","-2459467","Nest never observed with full clutch."
"PAL0708","26","Chinstrap penguin (Pygoscelis antarctica)","Anvers","Dream","Adult, 1 Egg Stage","N89A2","No","2007-11-28","52","19","197","4150","MALE","936799","-2447142","Nest never observed with full clutch."
"PAL0809","27","Chinstrap penguin (Pygoscelis antarctica)","Anvers","Dream","Adult, 1 Egg Stage","N61A1","No","2008-11-25","50.5","18.4","200","3400","FEMALE","89399","-2389017","Nest never observed with full clutch."
"PAL0809","28","Chinstrap penguin (Pygoscelis antarctica)","Anvers","Dream","Adult, 1 Egg Stage","N61A2","No","2008-11-25","49.5","19","200","3800","MALE","963074","-2434684","Nest never observed with full clutch."
"PAL0809","29","Chinstrap penguin (Pygoscelis antarctica)","Anvers","Dream","Adult, 1 Egg Stage","N62A1","Yes","2008-11-14","46.4","17.8","191","3700","FEMALE","937369","-2452896","NA"
"PAL0809","30","Chinstrap penguin (Pygoscelis antarctica)","Anvers","Dream","Adult, 1 Egg Stage","N62A2","Yes","2008-11-14","52.8","20","205","4550","MALE","925177","-2469638","NA"
"PAL0809","31","Chinstrap penguin (Pygoscelis antarctica)","Anvers","Dream","Adult, 1 Egg Stage","N63A1","Yes","2008-11-24","40.9","16.6","187","3200","FEMALE","908458","-2454903","NA"
"PAL0809","32","Chinstrap penguin (Pygoscelis antarctica)","Anvers","Dream","Adult, 1 Egg Stage","N63A2","Yes","2008-11-24","54.2","20.8","201","4300","MALE","949283","-2459996","NA"
"PAL0809","33","Chinstrap penguin (Pygoscelis antarctica)","Anvers","Dream","Adult, 1 Egg Stage","N65A1","Yes","2008-11-24","42.5","16.7","187","3350","FEMALE","936668","-2445195","NA"
"PAL0809","34","Chinstrap penguin (Pygoscelis antarctica)","Anvers","Dream","Adult, 1 Egg Stage","N65A2","Yes","2008-11-24","51","18.8","203","4100","MALE","923196","-2417282","NA"
"PAL0809","35","Chinstrap penguin (Pygoscelis antarctica)","Anvers","Dream","Adult, 1 Egg Stage","N67A1","Yes","2008-11-25","49.7","18.6","195","3600","MALE","975486","-2431198","NA"
"PAL0809","36","Chinstrap penguin (Pygoscelis antarctica)","Anvers","Dream","Adult, 1 Egg Stage","N67A2","Yes","2008-11-25","47.5","16.8","199","3900","FEMALE","907825","-251455","NA"
"PAL0809","37","Chinstrap penguin (Pygoscelis antarctica)","Anvers","Dream","Adult, 1 Egg Stage","N69A1","Yes","2008-11-14","47.6","18.3","195","3850","FEMALE","883502","-2465859","NA"
"PAL0809","38","Chinstrap penguin (Pygoscelis antarctica)","Anvers","Dream","Adult, 1 Egg Stage","N69A2","Yes","2008-11-14","52","20.7","210","4800","MALE","943146","-246844","NA"
"PAL0809","39","Chinstrap penguin (Pygoscelis antarctica)","Anvers","Dream","Adult, 1 Egg Stage","N72A1","No","2008-11-24","46.9","16.6","192","2700","FEMALE","980589","-2473735","Nest never observed with full clutch."
"PAL0809","40","Chinstrap penguin (Pygoscelis antarctica)","Anvers","Dream","Adult, 1 Egg Stage","N72A2","No","2008-11-24","53.5","19.9","205","4500","MALE","1002544","-2490816","Nest never observed with full clutch."
"PAL0809","41","Chinstrap penguin (Pygoscelis antarctica)","Anvers","Dream","Adult, 1 Egg Stage","N74A1","Yes","2008-11-24","49","19.5","210","3950","MALE","953262","-2466867","NA"
"PAL0809","42","Chinstrap penguin (Pygoscelis antarctica)","Anvers","Dream","Adult, 1 Egg Stage","N74A2","Yes","2008-11-24","46.2","17.5","187","3650","FEMALE","961734","-2466188","NA"
"PAL0809","43","Chinstrap penguin (Pygoscelis antarctica)","Anvers","Dream","Adult, 1 Egg Stage","N75A1","Yes","2008-11-14","50.9","19.1","196","3550","MALE","1002372","-2486594","NA"
"PAL0809","44","Chinstrap penguin (Pygoscelis antarctica)","Anvers","Dream","Adult, 1 Egg Stage","N75A2","Yes","2008-11-14","45.5","17","196","3500","FEMALE","936493","-2466259","NA"
"PAL0910","45","Chinstrap penguin (Pygoscelis antarctica)","Anvers","Dream","Adult, 1 Egg Stage","N86A1","Yes","2009-11-17","50.9","17.9","196","3675","FEMALE","943684","-2416566","NA"
"PAL0910","46","Chinstrap penguin (Pygoscelis antarctica)","Anvers","Dream","Adult, 1 Egg Stage","N86A2","Yes","2009-11-17","50.8","18.5","201","4450","MALE","945827","-2435575","NA"
"PAL0910","47","Chinstrap penguin (Pygoscelis antarctica)","Anvers","Dream","Adult, 1 Egg Stage","N87A1","Yes","2009-11-27","50.1","17.9","190","3400","FEMALE","946819","-2445721","NA"
"PAL0910","48","Chinstrap penguin (Pygoscelis antarctica)","Anvers","Dream","Adult, 1 Egg Stage","N87A2","Yes","2009-11-27","49","19.6","212","4300","MALE","934089","-2445189","NA"
"PAL0910","49","Chinstrap penguin (Pygoscelis antarctica)","Anvers","Dream","Adult, 1 Egg Stage","N88A1","Yes","2009-11-23","51.5","18.7","187","3250","MALE","96895","-2443062","NA"
"PAL0910","50","Chinstrap penguin (Pygoscelis antarctica)","Anvers","Dream","Adult, 1 Egg Stage","N88A2","Yes","2009-11-23","49.8","17.3","198","3675","FEMALE","932169","-2441562","NA"
"PAL0910","51","Chinstrap penguin (Pygoscelis antarctica)","Anvers","Dream","Adult, 1 Egg Stage","N90A1","Yes","2009-11-21","48.1","16.4","199","3325","FEMALE","946929","-2448403","NA"
"PAL0910","52","Chinstrap penguin (Pygoscelis antarctica)","Anvers","Dream","Adult, 1 Egg Stage","N90A2","Yes","2009-11-21","51.4","19","201","3950","MALE","943782","-2436202","NA"
"PAL0910","53","Chinstrap penguin (Pygoscelis antarctica)","Anvers","Dream","Adult, 1 Egg Stage","N92A1","Yes","2009-11-23","45.7","17.3","193","3600","FEMALE","9415","-24805","NA"
"PAL0910","54","Chinstrap penguin (Pygoscelis antarctica)","Anvers","Dream","Adult, 1 Egg Stage","N92A2","Yes","2009-11-23","50.7","19.7","203","4050","MALE","993727","-2459066","NA"
"PAL0910","55","Chinstrap penguin (Pygoscelis antarctica)","Anvers","Dream","Adult, 1 Egg Stage","N93A1","Yes","2009-11-27","42.5","17.3","187","3350","FEMALE","956534","-2460882","NA"
"PAL0910","56","Chinstrap penguin (Pygoscelis antarctica)","Anvers","Dream","Adult, 1 Egg Stage","N93A2","Yes","2009-11-27","52.2","18.8","197","3450","MALE","977528","-2456481","NA"
"PAL0910","57","Chinstrap penguin (Pygoscelis antarctica)","Anvers","Dream","Adult, 1 Egg Stage","N94A1","Yes","2009-11-21","45.2","16.6","191","3250","FEMALE","962357","-2478984","NA"
"PAL0910","58","Chinstrap penguin (Pygoscelis antarctica)","Anvers","Dream","Adult, 1 Egg Stage","N94A2","Yes","2009-11-21","49.3","19.9","203","4050","MALE","988809","-2459513","NA"
"PAL0910","59","Chinstrap penguin (Pygoscelis antarctica)","Anvers","Dream","Adult, 1 Egg Stage","N95A1","Yes","2009-11-21","50.2","18.8","202","3800","MALE","974492","-24404","NA"
"PAL0910","60","Chinstrap penguin (Pygoscelis antarctica)","Anvers","Dream","Adult, 1 Egg Stage","N95A2","Yes","2009-11-21","45.6","19.4","194","3525","FEMALE","946985","-2465786","NA"
"PAL0910","61","Chinstrap penguin (Pygoscelis antarctica)","Anvers","Dream","Adult, 1 Egg Stage","N96A1","Yes","2009-11-27","51.9","19.5","206","3950","MALE","NA","-2378767","No delta15N data received from lab."
"PAL0910","62","Chinstrap penguin (Pygoscelis antarctica)","Anvers","Dream","Adult, 1 Egg Stage","N96A2","Yes","2009-11-27","46.8","16.5","189","3650","FEMALE","965061","-2448153","NA"
"PAL0910","63","Chinstrap penguin (Pygoscelis antarctica)","Anvers","Dream","Adult, 1 Egg Stage","N98A1","Yes","2009-11-19","45.7","17","195","3650","FEMALE","926715","-2431912","NA"
"PAL0910","64","Chinstrap penguin (Pygoscelis antarctica)","Anvers","Dream","Adult, 1 Egg Stage","N98A2","Yes","2009-11-19","55.8","19.8","207","4000","MALE","970465","-2453494","NA"
"PAL0910","65","Chinstrap penguin (Pygoscelis antarctica)","Anvers","Dream","Adult, 1 Egg Stage","N99A1","No","2009-11-21","43.5","18.1","202","3400","FEMALE","937608","-2440753","Nest never observed with full clutch."
"PAL0910","66","Chinstrap penguin (Pygoscelis antarctica)","Anvers","Dream","Adult, 1 Egg Stage","N99A2","No","2009-11-21","49.6","18.2","193","3775","MALE","94618","-2470615","Nest never observed with full clutch."
"PAL0910","67","Chinstrap penguin (Pygoscelis antarctica)","Anvers","Dream","Adult, 1 Egg Stage","N100A1","Yes","2009-11-21","50.8","19","210","4100","MALE","998044","-2468741","NA"
"PAL0910","68","Chinstrap penguin (Pygoscelis antarctica)","Anvers","Dream","Adult, 1 Egg Stage","N100A2","Yes","2009-11-21","50.2","18.7","198","3775","FEMALE","939305","-2425255","NA"
